NP_ID,NP_Title
1,122nd-Division
2,Belmont-Hawthorne-Division
3,Centennial-Glenfair-Wilkes
4,Central City
5,Forest Park-Northwest Hills
6,Gateway
7,Hayden Island
8,Hillsdale-Multnomah-Barbur
9,Hollywood
10,Interstate Corridor
11,Lents-Foster
12,MLK-Alberta
13,Montavilla
14,Northwest
15,Parkrose-Argay
16,Pleasant Valley
17,Raleigh Hills
18,Roseway-Cully
19,Sellwood-Moreland-Brooklyn
20,South Portland-Maraquam Hill
21,St. Johns
22,Tryon Creek-South Terwilliger
23,West Portland
24,Woodstock
25,Portland
